{
    "type": "minecraft:crafting_shaped",
    "pattern": [
        "#DN",
        "nEn",
        "ND#"
    ],
    "key": {
        "#": {
            "item": "minecraft:dragon_breath"
        },
        "D": {
            "item": "minecraft:dragon_head"
        },
        "N": {
            "item": "minecraft:nether_star"
        },
        "n": {
            "item": "minecraft:netherite_ingot"
        },
        "E": {
            "item": "minecraft:egg"
        }
    },
    "result": {
        "item": "minecraft:dragon_egg",
        "count": 1
    }
}